{
  "build": {
    "arduino": {
      "ldscript": "imxrt1062_mm.ld"
    },
    "core": "teensy4",
    "cpu": "cortex-m7",
    "extra_flags": "-D__IMXRT1062__ -DARDUINO_TEENSY_MICROMOD",
    "f_cpu": "600000000",
    "mcu": "imxrt1062"
  },
  "connectivity": [
    "can"
  ],
  "debug": {
    "jlink_device": "MIMXRT1062xxxxA"
  },
  "frameworks": [
    "arduino"
  ],
  "name": "SparkFun MicroMod Teensy",
  "upload": {
    "maximum_ram_size": 524288,
    "maximum_size": 8126464,
    "protocol": "teensy-gui",
    "protocols": [
      "teensy-cli",
      "teensy-gui",
      "jlink"
    ]
  },
  "url": "https://www.sparkfun.com/products/16402",
  "vendor": "SparkFun"
}
